INSERT INTO REGIONES (ID, NOMBRE) VALUES (1, 'Suramérica');
INSERT INTO REGIONES (ID, NOMBRE) VALUES (2, 'Centroamérica');
INSERT INTO REGIONES (ID, NOMBRE) VALUES (3, 'Norteamérica');
INSERT INTO REGIONES (ID, NOMBRE) VALUES (4, 'Europa');
INSERT INTO REGIONES (ID, NOMBRE) VALUES (5, 'Asia');
INSERT INTO REGIONES (ID, NOMBRE) VALUES (6, 'África');
INSERT INTO REGIONES (ID, NOMBRE) VALUES (7, 'Oceanía');
INSERT INTO REGIONES (ID, NOMBRE) VALUES (8, 'Antártida');


INSERT INTO CLIENTES (nombre, apellido, email, created_at, region_id) values ('Karl','Smith','mail1@gmail.com',STR_TO_DATE('01-01-2021','%d-%m-%Y'),1); 
INSERT INTO CLIENTES (nombre, apellido, email, created_at, region_id) values ('Andrew','Jones','mail2d1@gmail.com',STR_TO_DATE('01-02-2021','%d-%m-%Y'),2);
INSERT INTO CLIENTES (nombre, apellido, email, created_at, region_id) values ('Diana','Gales','mail3@gmail.com',STR_TO_DATE('01-03-2021','%d-%m-%Y'),3);
INSERT INTO CLIENTES (nombre, apellido, email, created_at, region_id) values ('Bill','Gates','mail4@gmail.com',STR_TO_DATE('01-04-2021','%d-%m-%Y'),4);
INSERT INTO CLIENTES (nombre, apellido, email, created_at, region_id) values ('Henry','Ford','mail5@gmail.com',STR_TO_DATE('01-05-2021','%d-%m-%Y'),5);
INSERT INTO CLIENTES (nombre, apellido, email, created_at, region_id) values ('George','Washington','mail6@gmail.com',STR_TO_DATE('01-06-2021','%d-%m-%Y'),6);
INSERT INTO CLIENTES (nombre, apellido, email, created_at, region_id) values ('Peter','Black','mail7@gmail.com',STR_TO_DATE('01-07-2021','%d-%m-%Y'),7);
INSERT INTO CLIENTES (nombre, apellido, email, created_at, region_id) values ('Mary','Jane','mail8@gmail.com',STR_TO_DATE('01-08-2021','%d-%m-%Y'),8);
INSERT INTO CLIENTES (nombre, apellido, email, created_at, region_id) values ('Tom','Highway','mail9@gmail.com',STR_TO_DATE('01-09-2021','%d-%m-%Y'),1);
INSERT INTO CLIENTES (nombre, apellido, email, created_at, region_id) values ('Lester','Chuck','mail10@gmail.com',STR_TO_DATE('01-10-2021','%d-%m-%Y'),2);
INSERT INTO CLIENTES (nombre, apellido, email, created_at, region_id) values ('Adam','Golden','mail11@gmail.com',STR_TO_DATE('01-11-2021','%d-%m-%Y'),3);
INSERT INTO CLIENTES (nombre, apellido, email, created_at, region_id) values ('Patrick','Stweart','mail2@gmail.com',STR_TO_DATE('01-12-2021','%d-%m-%Y'),4);



INSERT INTO CLIENTES (nombre, apellido, email, created_at, region_id) values ('Karl1','Smith','mail1a@gmail.com',STR_TO_DATE('01-01-2021','%d-%m-%Y'),5); 
INSERT INTO CLIENTES (nombre, apellido, email, created_at, region_id) values ('Andrew1','Jones','mail2a@gmail.com',STR_TO_DATE('01-02-2021','%d-%m-%Y'),6);
INSERT INTO CLIENTES (nombre, apellido, email, created_at, region_id) values ('Diana1','Gales','mail3a@gmail.com',STR_TO_DATE('01-03-2021','%d-%m-%Y'),7);
INSERT INTO CLIENTES (nombre, apellido, email, created_at, region_id) values ('Bill1','Gates','mail4a@gmail.com',STR_TO_DATE('01-04-2021','%d-%m-%Y'),8);
INSERT INTO CLIENTES (nombre, apellido, email, created_at, region_id) values ('Henry1','Ford','mail5a@gmail.com',STR_TO_DATE('01-05-2021','%d-%m-%Y'),1);
INSERT INTO CLIENTES (nombre, apellido, email, created_at, region_id) values ('George1','Washington','mail6a@gmail.com',STR_TO_DATE('01-06-2021','%d-%m-%Y'),2);
INSERT INTO CLIENTES (nombre, apellido, email, created_at, region_id) values ('Peter1','Black','mail7a@gmail.com',STR_TO_DATE('01-07-2021','%d-%m-%Y'),3);
INSERT INTO CLIENTES (nombre, apellido, email, created_at, region_id) values ('Mary1','Jane','mail8a@gmail.com',STR_TO_DATE('01-08-2021','%d-%m-%Y'),4);
INSERT INTO CLIENTES (nombre, apellido, email, created_at, region_id) values ('Tom1','Highway','mail9a@gmail.com',STR_TO_DATE('01-09-2021','%d-%m-%Y'),5);
INSERT INTO CLIENTES (nombre, apellido, email, created_at, region_id) values ('Lester1','Chuck','mail10a@gmail.com',STR_TO_DATE('01-10-2021','%d-%m-%Y'),6);
INSERT INTO CLIENTES (nombre, apellido, email, created_at, region_id) values ('Adam1','Golden','mail11a@gmail.com',STR_TO_DATE('01-11-2021','%d-%m-%Y'),7);
INSERT INTO CLIENTES (nombre, apellido, email, created_at, region_id) values ('Patrick1','Stweart','mail12a@gmail.com',STR_TO_DATE('01-12-2021','%d-%m-%Y'),8);





INSERT INTO CLIENTES (nombre, apellido, email, created_at, region_id) values ('Karl2','Smith','mail1b@gmail.com',STR_TO_DATE('01-01-2021','%d-%m-%Y'),1); 
INSERT INTO CLIENTES (nombre, apellido, email, created_at, region_id) values ('Andrew2','Jones','mail2b@gmail.com',STR_TO_DATE('01-02-2021','%d-%m-%Y'),2);
INSERT INTO CLIENTES (nombre, apellido, email, created_at, region_id) values ('Diana2','Gales','mail3b@gmail.com',STR_TO_DATE('01-03-2021','%d-%m-%Y'),3);
INSERT INTO CLIENTES (nombre, apellido, email, created_at, region_id) values ('Bill2','Gates','mail4b@gmail.com',STR_TO_DATE('01-04-2021','%d-%m-%Y'),4);
INSERT INTO CLIENTES (nombre, apellido, email, created_at, region_id) values ('Henry2','Ford','mail5b@gmail.com',STR_TO_DATE('01-05-2021','%d-%m-%Y'),5);
INSERT INTO CLIENTES (nombre, apellido, email, created_at, region_id) values ('George2','Washington','mail6b@gmail.com',STR_TO_DATE('01-06-2021','%d-%m-%Y'),6);
INSERT INTO CLIENTES (nombre, apellido, email, created_at, region_id) values ('Peter2','Black','mail7b@gmail.com',STR_TO_DATE('01-07-2021','%d-%m-%Y'),7);
INSERT INTO CLIENTES (nombre, apellido, email, created_at, region_id) values ('Mary2','Jane','mail8b@gmail.com',STR_TO_DATE('01-08-2021','%d-%m-%Y'),8);
INSERT INTO CLIENTES (nombre, apellido, email, created_at, region_id) values ('Tom2','Highway','mail9b@gmail.com',STR_TO_DATE('01-09-2021','%d-%m-%Y'),1);
INSERT INTO CLIENTES (nombre, apellido, email, created_at, region_id) values ('Lester2','Chuck','mail10b@gmail.com',STR_TO_DATE('01-10-2021','%d-%m-%Y'),2);
INSERT INTO CLIENTES (nombre, apellido, email, created_at, region_id) values ('Adam2','Golden','mail11b@gmail.com',STR_TO_DATE('01-11-2021','%d-%m-%Y'),3);
INSERT INTO CLIENTES (nombre, apellido, email, created_at, region_id) values ('Patrick2','Stweart','mail12b@gmail.com',STR_TO_DATE('01-12-2021','%d-%m-%Y'),4);



INSERT INTO CLIENTES (nombre, apellido, email, created_at, region_id) values ('Karl3','Smith','mail1c@gmail.com',STR_TO_DATE('01-01-2021','%d-%m-%Y'),5); 
INSERT INTO CLIENTES (nombre, apellido, email, created_at, region_id) values ('Andrew3','Jones','mail2c@gmail.com',STR_TO_DATE('01-02-2021','%d-%m-%Y'),6);
INSERT INTO CLIENTES (nombre, apellido, email, created_at, region_id) values ('Diana3','Gales','mail3c@gmail.com',STR_TO_DATE('01-03-2021','%d-%m-%Y'),7);
INSERT INTO CLIENTES (nombre, apellido, email, created_at, region_id) values ('Bill3','Gates','mail4c@gmail.com',STR_TO_DATE('01-04-2021','%d-%m-%Y'),8);
INSERT INTO CLIENTES (nombre, apellido, email, created_at, region_id) values ('Henry3','Ford','mail5c@gmail.com',STR_TO_DATE('01-05-2021','%d-%m-%Y'),1);
INSERT INTO CLIENTES (nombre, apellido, email, created_at, region_id) values ('George3','Washington','mail6c@gmail.com',STR_TO_DATE('01-06-2021','%d-%m-%Y'),2);
INSERT INTO CLIENTES (nombre, apellido, email, created_at, region_id) values ('Peter3','Black','mail7c@gmail.com',STR_TO_DATE('01-07-2021','%d-%m-%Y'),3);
INSERT INTO CLIENTES (nombre, apellido, email, created_at, region_id) values ('Mary3','Jane','mail8c@gmail.com',STR_TO_DATE('01-08-2021','%d-%m-%Y'),4);
INSERT INTO CLIENTES (nombre, apellido, email, created_at, region_id) values ('Tom3','Highway','mail9c@gmail.com',STR_TO_DATE('01-09-2021','%d-%m-%Y'),5);
INSERT INTO CLIENTES (nombre, apellido, email, created_at, region_id) values ('Lester3','Chuck','mail10c@gmail.com',STR_TO_DATE('01-10-2021','%d-%m-%Y'),6);
INSERT INTO CLIENTES (nombre, apellido, email, created_at, region_id) values ('Adam3','Golden','mail11c@gmail.com',STR_TO_DATE('01-11-2021','%d-%m-%Y'),7);
INSERT INTO CLIENTES (nombre, apellido, email, created_at, region_id) values ('Patrick3','Stweart','mail12c@gmail.com',STR_TO_DATE('01-12-2021','%d-%m-%Y'),8);


insert into usuarios (username, password, enabled) values ('ricardo','$2a$10$yo5pmXaLLNyDQtftaw8hdOsM05/zYd1ZRod5YQvf9wn.5sM9c6Vb.',1);
insert into usuarios (username, password, enabled) values ('admin','$2a$10$Bu/m2fc8zrGBe311BDvFouRNqQlTTP/Gg6E4laxnlVlVGANermQk6',1);

insert into roles (nombre) values ('ROLE_USER');
insert into roles (nombre) values ('ROLE_ADMIN');

insert into usuarios_roles (usuario_id, role_id)  values (1,1);
insert into usuarios_roles (usuario_id, role_id)  values (2,1);
insert into usuarios_roles (usuario_id, role_id)   values (2,2);